<?xml version="1.0" encoding="UTF-8" ?>
<!DOCTYPE mapper
        PUBLIC
        "-//mybatis.org/DTD Mapper 3.0//EN"
        "http://mybatis.org/dtd/mybatis-3-mapper.dtd">
<mapper namespace="kr.hs.dgsw.soloapp_server.Model.SoloMapper">
    <select id="view" parameterType="Integer" resultType="kr.hs.dgsw.soloapp_server.Model.SoloUser">
        select * from solo.soloUser
        where idx=#{idx}
    </select>
    <insert id="insert" parameterType="kr.hs.dgsw.soloapp_server.Model.SoloMapper">
        insert into solo.soloUser(idx,id,nickname,picture)
        values(#{idx},#{id},#{nickname},#{picture})
    </insert>
    <delete id="delete" parameterType="Integer">
        delete from solo.soloUser where idx=#{idx}
    </delete>
    <delete id="deleteAll">
        delete from solo.soloUser
    </delete>
    <select id="getUserById" parameterType="String" resultType="kr.hs.dgsw.soloapp_server.Model.SoloUser">
        select * from solo.soloUser where id=#{id}
    </select>
    <select id="getUserByIdx" parameterType="Integer" resultType="kr.hs.dgsw.soloapp_server.Model.SoloUser">
        select * from solo.soloUser where idx=#{idx}
    </select>
</mapper>